Code,Long,Lat,MDS1,MDS2,jCartx,jCarty
GSA6_1,0.81984008,40.31656886,-1532.06243164348,-174.852952045078,-1536.39608366056,-173.542671948547
GSA6_2,0.81984008,40.31656886,-1532.06243164348,-174.852952045078,-1540.85496378815,-173.005154675866
GSA6_3,0.81984008,40.31656886,-1532.06243164348,-174.852952045078,-1536.82481390382,-175.377076734106
GSA6_4,0.81984008,40.31656886,-1532.06243164348,-174.852952045078,-1538.24329992733,-176.444397759313
GSA6_5,0.81984008,40.31656886,-1532.06243164348,-174.852952045078,-1532.72646966441,-176.125254163022
GSA6_6,0.81984008,40.31656886,-1532.06243164348,-174.852952045078,-1528.11953442241,-174.366547635818
GSA6_7,0.81984008,40.31656886,-1532.06243164348,-174.852952045078,-1539.12406664393,-173.455515682201
GSA6_8,0.81984008,40.31656886,-1532.06243164348,-174.852952045078,-1536.62235389775,-174.568508984769
GSA6_9,0.81984008,40.31656886,-1532.06243164348,-174.852952045078,-1527.69723874456,-176.927657519902
GSA6_10,0.81984008,40.31656886,-1532.06243164348,-174.852952045078,-1539.46130735497,-173.722153623278
GSA6_11,0.81984008,40.31656886,-1532.06243164348,-174.852952045078,-1531.12250716551,-176.883776582653
GSA6_12,0.81984008,40.31656886,-1532.06243164348,-174.852952045078,-1527.34497653185,-173.299126261348
GSA6_13,0.81984008,40.31656886,-1532.06243164348,-174.852952045078,-1529.72902499172,-174.529216109092
GSA6_14,0.81984008,40.31656886,-1532.06243164348,-174.852952045078,-1527.56821790891,-174.766493400062
GSA6_15,0.81984008,40.31656886,-1532.06243164348,-174.852952045078,-1535.3786693295,-175.448823664958
GSA6_16,0.81984008,40.31656886,-1532.06243164348,-174.852952045078,-1529.83861513375,-176.904934296633
GSA6_17,0.81984008,40.31656886,-1532.06243164348,-174.852952045078,-1531.9435465218,-172.715985956664
GSA6_18,0.81984008,40.31656886,-1532.06243164348,-174.852952045078,-1526.16407205923,-176.683561286951
GSA6_19,0.81984008,40.31656886,-1532.06243164348,-174.852952045078,-1531.43340076948,-175.806070967267
GSA6_20,0.81984008,40.31656886,-1532.06243164348,-174.852952045078,-1532.92726456704,-174.765972765411
GSA6_21,0.81984008,40.31656886,-1532.06243164348,-174.852952045078,-1535.61667638844,-175.770737232144
GSA6_22,0.81984008,40.31656886,-1532.06243164348,-174.852952045078,-1524.34866951047,-175.213600465531
GSA6_23,0.81984008,40.31656886,-1532.06243164348,-174.852952045078,-1538.31332301641,-177.180247257153
GSA6_24,0.81984008,40.31656886,-1532.06243164348,-174.852952045078,-1536.09179022326,-173.721852434675
GSA6_25,0.81984008,40.31656886,-1532.06243164348,-174.852952045078,-1538.84630777235,-175.542466301719
GSA6_26,0.81984008,40.31656886,-1532.06243164348,-174.852952045078,-1537.57659509419,-174.677673316995
GSA6_27,0.81984008,40.31656886,-1532.06243164348,-174.852952045078,-1530.31735513708,-173.895482876028
GSA6_28,0.81984008,40.31656886,-1532.06243164348,-174.852952045078,-1527.83773592966,-172.881526549409
GSA6_29,0.81984008,40.31656886,-1532.06243164348,-174.852952045078,-1532.24301464981,-176.408111186201
GSA6_30,0.81984008,40.31656886,-1532.06243164348,-174.852952045078,-1524.05416989582,-174.478898719574
GSA6_31,0.81984008,40.31656886,-1532.06243164348,-174.852952045078,-1535.87515354543,-174.231062539543
GSA6_32,0.81984008,40.31656886,-1532.06243164348,-174.852952045078,-1529.80675639431,-174.538501924525
GSA6_33,0.81984008,40.31656886,-1532.06243164348,-174.852952045078,-1532.75971904746,-176.387372838954
GSA6_34,0.81984008,40.31656886,-1532.06243164348,-174.852952045078,-1525.50536454389,-176.293927556897
GSA6_35,0.81984008,40.31656886,-1532.06243164348,-174.852952045078,-1538.9594987554,-174.372017566363
GSA6_36,0.81984008,40.31656886,-1532.06243164348,-174.852952045078,-1531.05982822137,-174.745839508871
GSA6_37,0.81984008,40.31656886,-1532.06243164348,-174.852952045078,-1531.81817128728,-174.627443407724
GSA6_38,0.81984008,40.31656886,-1532.06243164348,-174.852952045078,-1539.53792540985,-173.148146884019
GSA6_39,0.81984008,40.31656886,-1532.06243164348,-174.852952045078,-1523.1899595696,-174.080663655947
GSA6_40,0.81984008,40.31656886,-1532.06243164348,-174.852952045078,-1526.96692440002,-173.173934483031
GSA7_1,3.74940162,42.93176014,-989.284388209306,-488.738424717578,-984.1044642547,-490.248886439147
GSA7_2,3.74940162,42.93176014,-989.284388209306,-488.738424717578,-983.291565184653,-490.55097296195
GSA7_3,3.74940162,42.93176014,-989.284388209306,-488.738424717578,-985.629224222325,-490.114291521105
GSA7_4,3.74940162,42.93176014,-989.284388209306,-488.738424717578,-990.336197838731,-491.048906486797
GSA7_5,3.74940162,42.93176014,-989.284388209306,-488.738424717578,-991.458107105255,-489.125027806255
GSA7_6,3.74940162,42.93176014,-989.284388209306,-488.738424717578,-994.244998165019,-488.654027141201
GSA7_7,3.74940162,42.93176014,-989.284388209306,-488.738424717578,-990.493164682933,-490.064522728267
GSA7_8,3.74940162,42.93176014,-989.284388209306,-488.738424717578,-991.878253869511,-488.51031424472
GSA7_9,3.74940162,42.93176014,-989.284388209306,-488.738424717578,-986.719417375125,-488.903504816386
GSA7_10,3.74940162,42.93176014,-989.284388209306,-488.738424717578,-988.025541685693,-490.746926728207
GSA7_11,3.74940162,42.93176014,-989.284388209306,-488.738424717578,-987.822120314077,-490.365850577074
GSA7_12,3.74940162,42.93176014,-989.284388209306,-488.738424717578,-987.6357370952,-491.039727260115
GSA7_13,3.74940162,42.93176014,-989.284388209306,-488.738424717578,-981.675405097924,-489.806306437346
GSA7_14,3.74940162,42.93176014,-989.284388209306,-488.738424717578,-996.16243978104,-489.904699451792
GSA7_15,3.74940162,42.93176014,-989.284388209306,-488.738424717578,-982.939289789819,-488.644039587247
GSA7_16,3.74940162,42.93176014,-989.284388209306,-488.738424717578,-984.736100202971,-487.970783843416
GSA7_17,3.74940162,42.93176014,-989.284388209306,-488.738424717578,-989.459973630481,-488.487434777188
GSA7_18,3.74940162,42.93176014,-989.284388209306,-488.738424717578,-980.781524393693,-490.897292741331
GSA7_19,3.74940162,42.93176014,-989.284388209306,-488.738424717578,-991.255918692969,-490.149471442717
GSA7_20,3.74940162,42.93176014,-989.284388209306,-488.738424717578,-990.828263069302,-489.716015981826
GSA7_21,3.74940162,42.93176014,-989.284388209306,-488.738424717578,-997.433945913785,-488.686939825061
GSA7_22,3.74940162,42.93176014,-989.284388209306,-488.738424717578,-991.471641451478,-487.780993201154
GSA7_23,3.74940162,42.93176014,-989.284388209306,-488.738424717578,-995.705955940284,-487.658626196849
GSA7_24,3.74940162,42.93176014,-989.284388209306,-488.738424717578,-988.20953677202,-490.775900798234
GSA7_25,3.74940162,42.93176014,-989.284388209306,-488.738424717578,-985.16777131556,-489.846815847921
GSA7_26,3.74940162,42.93176014,-989.284388209306,-488.738424717578,-989.528840094045,-486.767698567676
GSA7_27,3.74940162,42.93176014,-989.284388209306,-488.738424717578,-991.695748984613,-489.444503227564
GSA7_28,3.74940162,42.93176014,-989.284388209306,-488.738424717578,-998.376967266001,-489.90745690571
GSA7_29,3.74940162,42.93176014,-989.284388209306,-488.738424717578,-995.956869028867,-488.271251372564
GSA7_30,3.74940162,42.93176014,-989.284388209306,-488.738424717578,-997.032602391936,-488.617553045916
GSA7_31,3.74940162,42.93176014,-989.284388209306,-488.738424717578,-981.887960611828,-486.568040123152
GSA7_32,3.74940162,42.93176014,-989.284388209306,-488.738424717578,-981.409639262021,-486.893122877869
GSA7_33,3.74940162,42.93176014,-989.284388209306,-488.738424717578,-984.670177054949,-489.01246117683
GSA7_34,3.74940162,42.93176014,-989.284388209306,-488.738424717578,-997.038472657822,-486.485516349169
GSA7_35,3.74940162,42.93176014,-989.284388209306,-488.738424717578,-987.895506001994,-488.217563416379
GSA7_36,3.74940162,42.93176014,-989.284388209306,-488.738424717578,-983.892067114808,-488.473554094079
GSA7_37,3.74940162,42.93176014,-989.284388209306,-488.738424717578,-982.817347653009,-487.930326915848
GSA7_38,3.74940162,42.93176014,-989.284388209306,-488.738424717578,-994.829466791436,-489.643064720127
GSA7_39,3.74940162,42.93176014,-989.284388209306,-488.738424717578,-989.999297335357,-487.873768654036
GSA7_40,3.74940162,42.93176014,-989.284388209306,-488.738424717578,-985.053384447642,-488.650530412364
GSA7_41,3.74940162,42.93176014,-989.284388209306,-488.738424717578,-998.109021898158,-487.173828264269
GSA7_42,3.74940162,42.93176014,-989.284388209306,-488.738424717578,-981.597291992031,-489.536506462413
GSA7_43,3.74940162,42.93176014,-989.284388209306,-488.738424717578,-992.851625175387,-487.163091151359
GSA7_44,3.74940162,42.93176014,-989.284388209306,-488.738424717578,-981.977165891961,-487.154978406745
GSA7_45,3.74940162,42.93176014,-989.284388209306,-488.738424717578,-985.452189525575,-490.943846563565
GSA7_46,3.74940162,42.93176014,-989.284388209306,-488.738424717578,-980.39191185011,-488.518633944112
GSA7_47,3.74940162,42.93176014,-989.284388209306,-488.738424717578,-981.789683732748,-489.611839106622
GSA7_48,3.74940162,42.93176014,-989.284388209306,-488.738424717578,-991.15216492115,-488.997625198158
GSA7_49,3.74940162,42.93176014,-989.284388209306,-488.738424717578,-981.828204312533,-486.990516792926
GSA7_50,3.74940162,42.93176014,-989.284388209306,-488.738424717578,-997.233442765832,-489.330352248567
GSA7_51,3.74940162,42.93176014,-989.284388209306,-488.738424717578,-984.417207199134,-486.902120346892
GSA7_52,3.74940162,42.93176014,-989.284388209306,-488.738424717578,-988.838803176381,-490.152683494183
GSA7_53,3.74940162,42.93176014,-989.284388209306,-488.738424717578,-981.05994767955,-488.80387826519
GSA7_54,3.74940162,42.93176014,-989.284388209306,-488.738424717578,-987.198765821182,-489.56684273811
GSA7_55,3.74940162,42.93176014,-989.284388209306,-488.738424717578,-990.659929745257,-488.10962657811
GSA7_56,3.74940162,42.93176014,-989.284388209306,-488.738424717578,-989.248202373818,-486.500965880918
GSA7_57,3.74940162,42.93176014,-989.284388209306,-488.738424717578,-981.681065280907,-490.292861264887
GSA7_58,3.74940162,42.93176014,-989.284388209306,-488.738424717578,-986.733457504571,-489.389294799733
GSA7_59,3.74940162,42.93176014,-989.284388209306,-488.738424717578,-996.671149499886,-490.126106352302
GSA7_60,3.74940162,42.93176014,-989.284388209306,-488.738424717578,-990.311177940838,-487.119771422761
GSA7_61,3.74940162,42.93176014,-989.284388209306,-488.738424717578,-993.424787102066,-487.898755055982
GSA7_62,3.74940162,42.93176014,-989.284388209306,-488.738424717578,-980.959791454286,-488.468507796097
GSA7_63,3.74940162,42.93176014,-989.284388209306,-488.738424717578,-986.849098957874,-489.608650388139
GSA7_64,3.74940162,42.93176014,-989.284388209306,-488.738424717578,-984.635419280254,-488.211375348958
GSA7_65,3.74940162,42.93176014,-989.284388209306,-488.738424717578,-981.563537763976,-489.849896092283
GSA7_66,3.74940162,42.93176014,-989.284388209306,-488.738424717578,-994.716013956614,-489.165361121985
GSA7_67,3.74940162,42.93176014,-989.284388209306,-488.738424717578,-985.025816813656,-487.249046838599
GSA7_68,3.74940162,42.93176014,-989.284388209306,-488.738424717578,-989.497569049508,-489.825017177629
GSA7_69,3.74940162,42.93176014,-989.284388209306,-488.738424717578,-982.186851043985,-486.657810344118
GSA7_70,3.74940162,42.93176014,-989.284388209306,-488.738424717578,-982.326684645921,-489.177114045563
GSA7_71,3.74940162,42.93176014,-989.284388209306,-488.738424717578,-993.884131554127,-486.962133329677
GSA7_72,3.74940162,42.93176014,-989.284388209306,-488.738424717578,-987.316283184834,-488.640453534144
GSA7_73,3.74940162,42.93176014,-989.284388209306,-488.738424717578,-983.409358648941,-487.438946786466
GSA9_1,10.09333566,43.46847294,-908.23357138579,187.479858563305,-908.210944658529,187.089059229032
GSA9_2,10.09333566,43.46847294,-908.23357138579,187.479858563305,-902.542665151518,189.037812271179
GSA9_3,10.09333566,43.46847294,-908.23357138579,187.479858563305,-900.006030434568,186.763262776495
GSA9_4,10.09333566,43.46847294,-908.23357138579,187.479858563305,-902.442708607402,188.056234277622
GSA9_5,10.09333566,43.46847294,-908.23357138579,187.479858563305,-915.347347041045,189.184120984958
GSA9_6,10.09333566,43.46847294,-908.23357138579,187.479858563305,-907.99652689622,189.382008313225
GSA9_7,10.09333566,43.46847294,-908.23357138579,187.479858563305,-907.966515119572,187.016728422628
GSA9_8,10.09333566,43.46847294,-908.23357138579,187.479858563305,-906.229419758555,185.280490746931
GSA9_9,10.09333566,43.46847294,-908.23357138579,187.479858563305,-901.111652552534,187.879907867522
GSA9_10,10.09333566,43.46847294,-908.23357138579,187.479858563305,-901.182162005093,187.556964663998
GSA9_11,10.09333566,43.46847294,-908.23357138579,187.479858563305,-907.831348667119,185.27162883787
GSA9_12,10.09333566,43.46847294,-908.23357138579,187.479858563305,-914.362017156382,186.930165181519
GSA9_13,10.09333566,43.46847294,-908.23357138579,187.479858563305,-916.09531409872,186.212899210141
GSA9_14,10.09333566,43.46847294,-908.23357138579,187.479858563305,-914.875276589405,186.67078217438
GSA9_15,10.09333566,43.46847294,-908.23357138579,187.479858563305,-909.789115747448,187.648898050771
GSA9_16,10.09333566,43.46847294,-908.23357138579,187.479858563305,-914.506003620673,188.450190360681
GSA9_17,10.09333566,43.46847294,-908.23357138579,187.479858563305,-900.047684941639,189.486732069613
GSA9_18,10.09333566,43.46847294,-908.23357138579,187.479858563305,-901.669990272459,189.184946204559
GSA9_19,10.09333566,43.46847294,-908.23357138579,187.479858563305,-913.689597938035,188.015745085315
GSA9_20,10.09333566,43.46847294,-908.23357138579,187.479858563305,-906.200278276403,189.189162571193
GSA9_21,10.09333566,43.46847294,-908.23357138579,187.479858563305,-908.53450581861,189.476397912786
GSA9_22,10.09333566,43.46847294,-908.23357138579,187.479858563305,-901.181623444345,189.586255308823
GSA9_23,10.09333566,43.46847294,-908.23357138579,187.479858563305,-913.771935313393,187.617646657885
GSA9_24,10.09333566,43.46847294,-908.23357138579,187.479858563305,-902.857936086703,187.796796680824
GSA9_25,10.09333566,43.46847294,-908.23357138579,187.479858563305,-914.903789275151,186.854647517414
GSA9_26,10.09333566,43.46847294,-908.23357138579,187.479858563305,-911.274811497901,186.240203947039
GSA9_27,10.09333566,43.46847294,-908.23357138579,187.479858563305,-903.874664763,186.778198126541
GSA9_28,10.09333566,43.46847294,-908.23357138579,187.479858563305,-903.935629032564,186.366882088245
GSA9_29,10.09333566,43.46847294,-908.23357138579,187.479858563305,-906.856830704783,187.881333929882
GSA9_30,10.09333566,43.46847294,-908.23357138579,187.479858563305,-910.426566893991,188.719096335233
GSA9_31,10.09333566,43.46847294,-908.23357138579,187.479858563305,-899.074289439258,187.620056608156
GSA9_32,10.09333566,43.46847294,-908.23357138579,187.479858563305,-910.997037340712,188.050884676562
GSA9_33,10.09333566,43.46847294,-908.23357138579,187.479858563305,-902.96091645715,188.035753384442
GSA9_34,10.09333566,43.46847294,-908.23357138579,187.479858563305,-900.081780971039,186.716944726021
GSA9_35,10.09333566,43.46847294,-908.23357138579,187.479858563305,-915.717132776056,189.775314434455
GSA9_36,10.09333566,43.46847294,-908.23357138579,187.479858563305,-899.776590253797,187.563912706287
GSA10_1,15.78478436,39.65055684,-279.82851249546,-132.076390646365,-282.000241477305,-130.558362919432
GSA10_2,15.78478436,39.65055684,-279.82851249546,-132.076390646365,-272.951092144923,-131.378152348441
GSA10_3,15.78478436,39.65055684,-279.82851249546,-132.076390646365,-280.77811092742,-132.374459189889
GSA10_4,15.78478436,39.65055684,-279.82851249546,-132.076390646365,-286.786714756193,-132.538955407557
GSA10_5,15.78478436,39.65055684,-279.82851249546,-132.076390646365,-280.580595688039,-132.953626567465
GSA10_6,15.78478436,39.65055684,-279.82851249546,-132.076390646365,-271.227148719953,-130.698943097484
GSA10_7,15.78478436,39.65055684,-279.82851249546,-132.076390646365,-273.961348178873,-134.360660245236
GSA10_8,15.78478436,39.65055684,-279.82851249546,-132.076390646365,-281.362961651275,-130.229390029576
GSA10_9,15.78478436,39.65055684,-279.82851249546,-132.076390646365,-285.074971322419,-134.131739838016
GSA10_10,15.78478436,39.65055684,-279.82851249546,-132.076390646365,-274.015842128063,-130.188809308004
GSA10_11,15.78478436,39.65055684,-279.82851249546,-132.076390646365,-284.907191313507,-133.685271965307
GSA10_12,15.78478436,39.65055684,-279.82851249546,-132.076390646365,-287.824381733762,-130.956762637165
GSA10_13,15.78478436,39.65055684,-279.82851249546,-132.076390646365,-282.242848100031,-131.074709110674
GSA10_14,15.78478436,39.65055684,-279.82851249546,-132.076390646365,-277.843785731198,-133.634771177512
GSA10_15,15.78478436,39.65055684,-279.82851249546,-132.076390646365,-282.708496063093,-131.411199441147
GSA10_16,15.78478436,39.65055684,-279.82851249546,-132.076390646365,-288.779504851701,-133.203067006883
GSA10_17,15.78478436,39.65055684,-279.82851249546,-132.076390646365,-275.940933130013,-132.854253747654
GSA10_18,15.78478436,39.65055684,-279.82851249546,-132.076390646365,-279.384145804571,-131.859060449865
GSA10_19,15.78478436,39.65055684,-279.82851249546,-132.076390646365,-272.18874316931,-134.422953620892
GSA10_20,15.78478436,39.65055684,-279.82851249546,-132.076390646365,-279.031151848922,-133.237995521691
GSA10_21,15.78478436,39.65055684,-279.82851249546,-132.076390646365,-272.060972750636,-129.78820445795
GSA10_22,15.78478436,39.65055684,-279.82851249546,-132.076390646365,-278.980853234494,-134.384684404698
GSA10_23,15.78478436,39.65055684,-279.82851249546,-132.076390646365,-282.233527334483,-130.01947649863
GSA10_24,15.78478436,39.65055684,-279.82851249546,-132.076390646365,-270.754239307607,-132.490205430579
GSA10_25,15.78478436,39.65055684,-279.82851249546,-132.076390646365,-274.493879781554,-132.502302530747
GSA10_26,15.78478436,39.65055684,-279.82851249546,-132.076390646365,-280.52626269188,-130.556865866822
GSA10_27,15.78478436,39.65055684,-279.82851249546,-132.076390646365,-280.264147122467,-132.381991711226
GSA10_28,15.78478436,39.65055684,-279.82851249546,-132.076390646365,-288.91498036653,-131.84785311554
GSA10_29,15.78478436,39.65055684,-279.82851249546,-132.076390646365,-285.425950876141,-130.808139340174
GSA10_30,15.78478436,39.65055684,-279.82851249546,-132.076390646365,-288.073009169364,-133.519908615169
GSA17_1,13.09985367,44.66757228,396.235443791307,929.69639661389,401.194115918807,929.543950761133
GSA17_2,13.09985367,44.66757228,396.235443791307,929.69639661389,392.548759606041,927.591317645484
GSA17_3,13.09985367,44.66757228,396.235443791307,929.69639661389,398.147788225792,930.621724923724
GSA17_4,13.09985367,44.66757228,396.235443791307,929.69639661389,387.973062309741,927.370160170296
GSA17_5,13.09985367,44.66757228,396.235443791307,929.69639661389,403.069238056547,927.75358612875
GSA17_6,13.09985367,44.66757228,396.235443791307,929.69639661389,390.889954197898,929.361672102311
GSA17_7,13.09985367,44.66757228,396.235443791307,929.69639661389,397.468733629889,928.468322569156
GSA17_8,13.09985367,44.66757228,396.235443791307,929.69639661389,396.887690569765,930.707168216282
GSA17_9,13.09985367,44.66757228,396.235443791307,929.69639661389,388.283812019906,928.751209581667
GSA17_10,13.09985367,44.66757228,396.235443791307,929.69639661389,396.448545937173,927.896127533564
GSA17_11,13.09985367,44.66757228,396.235443791307,929.69639661389,390.686093544892,929.046239180142
GSA17_12,13.09985367,44.66757228,396.235443791307,929.69639661389,397.71610085082,931.286578005204
GSA17_13,13.09985367,44.66757228,396.235443791307,929.69639661389,396.923347046717,928.637115681195
GSA17_14,13.09985367,44.66757228,396.235443791307,929.69639661389,392.839747887037,931.583960895637
GSA17_15,13.09985367,44.66757228,396.235443791307,929.69639661389,397.380635395579,928.102615591908
GSA17_16,13.09985367,44.66757228,396.235443791307,929.69639661389,396.827802166461,932.067077045167
GSA17_17,13.09985367,44.66757228,396.235443791307,929.69639661389,390.99634132751,930.809201300168
GSA17_18,13.09985367,44.66757228,396.235443791307,929.69639661389,405.143081814542,927.450346763456
GSA17_19,13.09985367,44.66757228,396.235443791307,929.69639661389,405.268774825267,932.080379383662
GSA17_20,13.09985367,44.66757228,396.235443791307,929.69639661389,401.216940249435,932.058065262088
GSA17_21,13.09985367,44.66757228,396.235443791307,929.69639661389,398.415055260367,929.706717081392
GSA17_22,13.09985367,44.66757228,396.235443791307,929.69639661389,403.992073246955,931.773524545902
GSA17_23,13.09985367,44.66757228,396.235443791307,929.69639661389,389.188331063956,929.734593411559
GSA17_24,13.09985367,44.66757228,396.235443791307,929.69639661389,389.824697137743,929.159138555476
GSA17_25,13.09985367,44.66757228,396.235443791307,929.69639661389,393.474810622565,930.007152421796
GSA17_26,13.09985367,44.66757228,396.235443791307,929.69639661389,403.177526282638,928.925227941969
GSA17_27,13.09985367,44.66757228,396.235443791307,929.69639661389,400.635870580866,927.61528989079
GSA17_28,13.09985367,44.66757228,396.235443791307,929.69639661389,393.919262074053,931.812472800189
GSA17_29,13.09985367,44.66757228,396.235443791307,929.69639661389,394.799894638851,928.841530365148
GSA17_30,13.09985367,44.66757228,396.235443791307,929.69639661389,387.550402797505,930.656178769121
GSA17_31,13.09985367,44.66757228,396.235443791307,929.69639661389,391.19773844809,928.880475679064
GSA17_32,13.09985367,44.66757228,396.235443791307,929.69639661389,402.917458406768,930.012030603388
GSA17_33,13.09985367,44.66757228,396.235443791307,929.69639661389,403.353188230402,929.518627579907
GSA17_34,13.09985367,44.66757228,396.235443791307,929.69639661389,390.752897791869,929.409296052182
GSA17_35,13.09985367,44.66757228,396.235443791307,929.69639661389,390.77810834863,931.803498880962
GSA17_36,13.09985367,44.66757228,396.235443791307,929.69639661389,402.471301624298,930.500000910857
GSA17_37,13.09985367,44.66757228,396.235443791307,929.69639661389,391.258620613187,928.381674822816
GSA17_38,13.09985367,44.66757228,396.235443791307,929.69639661389,397.500895438276,927.397958473885
GSA17_39,13.09985367,44.66757228,396.235443791307,929.69639661389,404.23859673471,928.571572125354
GSA17_40,13.09985367,44.66757228,396.235443791307,929.69639661389,405.343342483349,927.552190182754
GSA18w_1,17.2632095,41.07604513,349.701906586404,231.524686983643,343.619267624023,231.008162298096
GSA18w_2,17.2632095,41.07604513,349.701906586404,231.524686983643,344.128607368807,230.850599882422
GSA18w_3,17.2632095,41.07604513,349.701906586404,231.524686983643,343.304501315358,229.482946099011
GSA18w_4,17.2632095,41.07604513,349.701906586404,231.524686983643,349.454690049554,230.517550027041
GSA18w_5,17.2632095,41.07604513,349.701906586404,231.524686983643,341.330405196699,229.804807906268
GSA18w_6,17.2632095,41.07604513,349.701906586404,231.524686983643,355.295484133589,229.253201210914
GSA18w_7,17.2632095,41.07604513,349.701906586404,231.524686983643,355.495994590188,230.343737014426
GSA18w_8,17.2632095,41.07604513,349.701906586404,231.524686983643,341.226753660257,233.806247551409
GSA18w_9,17.2632095,41.07604513,349.701906586404,231.524686983643,357.040532429296,229.708083250416
GSA18w_10,17.2632095,41.07604513,349.701906586404,231.524686983643,348.121532107483,230.69146909867
GSA18w_11,17.2632095,41.07604513,349.701906586404,231.524686983643,347.89361850858,230.788673295496
GSA18w_12,17.2632095,41.07604513,349.701906586404,231.524686983643,358.821636435728,231.110313575758
GSA18w_13,17.2632095,41.07604513,349.701906586404,231.524686983643,348.706869062002,230.532590299515
GSA18w_14,17.2632095,41.07604513,349.701906586404,231.524686983643,353.094560054283,230.357608808247
GSA18w_15,17.2632095,41.07604513,349.701906586404,231.524686983643,341.628087345849,231.805449665381
GSA18w_16,17.2632095,41.07604513,349.701906586404,231.524686983643,346.826588608849,231.789454290686
GSA18e_1,19.17726382,41.3280098,349.990868830342,219.796292471558,358.996138301153,221.083767120585
GSA18e_2,19.17726382,41.3280098,349.990868830342,219.796292471558,346.819426225159,220.719123925313
GSA18e_3,19.17726382,41.3280098,349.990868830342,219.796292471558,357.6719820632,220.057823397264
GSA18e_4,19.17726382,41.3280098,349.990868830342,219.796292471558,358.308377812836,218.924569699213
GSA18e_5,19.17726382,41.3280098,349.990868830342,219.796292471558,350.771746944111,218.39780241181
GSA18e_6,19.17726382,41.3280098,349.990868830342,219.796292471558,358.143271256458,219.649849134356
GSA18e_7,19.17726382,41.3280098,349.990868830342,219.796292471558,359.025516131926,218.378867719367
GSA18e_8,19.17726382,41.3280098,349.990868830342,219.796292471558,352.7416549167,219.050970830813
GSA18e_9,19.17726382,41.3280098,349.990868830342,219.796292471558,346.853210853074,217.765842030615
GSA18e_10,19.17726382,41.3280098,349.990868830342,219.796292471558,349.371934860792,221.932444959924
GSA18e_11,19.17726382,41.3280098,349.990868830342,219.796292471558,355.194413693842,217.788717934162
GSA22_1,25.73539571,40.57023564,970.06068229102,-186.740193667832,977.902507107187,-184.931925780895
GSA22_2,25.73539571,40.57023564,970.06068229102,-186.740193667832,970.535615496006,-184.388643474328
GSA22_3,25.73539571,40.57023564,970.06068229102,-186.740193667832,966.436183900427,-185.444613822374
GSA22_4,25.73539571,40.57023564,970.06068229102,-186.740193667832,963.600651309867,-188.184037134993
GSA22_5,25.73539571,40.57023564,970.06068229102,-186.740193667832,977.586315021146,-189.134892994735
GSA22_6,25.73539571,40.57023564,970.06068229102,-186.740193667832,970.696146458056,-188.642809661674
GSA22_7,25.73539571,40.57023564,970.06068229102,-186.740193667832,978.541149109084,-188.664451838481
GSA22_8,25.73539571,40.57023564,970.06068229102,-186.740193667832,963.32265121438,-188.985662275749
GSA22_9,25.73539571,40.57023564,970.06068229102,-186.740193667832,974.410510498885,-186.027415645692
GSA22_10,25.73539571,40.57023564,970.06068229102,-186.740193667832,974.80253648967,-186.581779011536
GSA22_11,25.73539571,40.57023564,970.06068229102,-186.740193667832,967.033694871743,-184.370006133813
GSA22_12,25.73539571,40.57023564,970.06068229102,-186.740193667832,966.048273577582,-188.914763080525
GSA22_13,25.73539571,40.57023564,970.06068229102,-186.740193667832,963.835532379937,-185.805753945383
GSA22_14,25.73539571,40.57023564,970.06068229102,-186.740193667832,968.387045208965,-188.062067451897
GSA22_15,25.73539571,40.57023564,970.06068229102,-186.740193667832,964.73065828741,-184.922946596715
GSA22_16,25.73539571,40.57023564,970.06068229102,-186.740193667832,973.986621655938,-187.114782709825
GSA22_17,25.73539571,40.57023564,970.06068229102,-186.740193667832,972.943082964462,-186.933262634474
GSA22_18,25.73539571,40.57023564,970.06068229102,-186.740193667832,978.517728339736,-186.923337117779
GSA22_19,25.73539571,40.57023564,970.06068229102,-186.740193667832,979.103154471744,-185.328433404687
GSA22_20,25.73539571,40.57023564,970.06068229102,-186.740193667832,978.349379610125,-184.891061510715
GSA22_21,25.73539571,40.57023564,970.06068229102,-186.740193667832,966.02290555932,-188.875239597458
GSA22_22,25.73539571,40.57023564,970.06068229102,-186.740193667832,976.928820085753,-188.579527484077
GSA22_23,25.73539571,40.57023564,970.06068229102,-186.740193667832,972.023248119321,-187.117340533632
GSA22_24,25.73539571,40.57023564,970.06068229102,-186.740193667832,973.25145993479,-185.520575719523
GSA22_25,25.73539571,40.57023564,970.06068229102,-186.740193667832,962.347045998689,-185.387657918605
GSA22_26,25.73539571,40.57023564,970.06068229102,-186.740193667832,961.389772356343,-186.985945402655
GSA22_27,25.73539571,40.57023564,970.06068229102,-186.740193667832,977.972174107511,-187.62935777587
GSA22_28,25.73539571,40.57023564,970.06068229102,-186.740193667832,972.571588137042,-187.215119169104
GSA22_29,25.73539571,40.57023564,970.06068229102,-186.740193667832,968.343378352043,-188.650645052466
GSA22_30,25.73539571,40.57023564,970.06068229102,-186.740193667832,972.813443327178,-188.319951743457
GSA22_31,25.73539571,40.57023564,970.06068229102,-186.740193667832,968.200889603462,-186.429933450568
GSA22_32,25.73539571,40.57023564,970.06068229102,-186.740193667832,971.850548714068,-187.954207435447
GSA22_33,25.73539571,40.57023564,970.06068229102,-186.740193667832,979.05366855659,-185.831592423665
GSA22_34,25.73539571,40.57023564,970.06068229102,-186.740193667832,963.609095826041,-188.847295734855
GSA22_35,25.73539571,40.57023564,970.06068229102,-186.740193667832,971.898016568687,-185.035494429442
GSA22_36,25.73539571,40.57023564,970.06068229102,-186.740193667832,968.366689358879,-186.496444058987
GSA22_37,25.73539571,40.57023564,970.06068229102,-186.740193667832,969.30508588836,-186.254244639549
GSA22_38,25.73539571,40.57023564,970.06068229102,-186.740193667832,971.938144433912,-186.309418048906
GSA22_39,25.73539571,40.57023564,970.06068229102,-186.740193667832,972.577649250295,-187.602258012268
GSA22_40,25.73539571,40.57023564,970.06068229102,-186.740193667832,961.452863986273,-186.757847044441
GSA24_1,35.28635558,36.44044184,1643.42000223496,-586.089273555543,1642.62616888885,-586.343344585191
GSA24_2,35.28635558,36.44044184,1643.42000223496,-586.089273555543,1649.59886054234,-588.026281507279
GSA24_3,35.28635558,36.44044184,1643.42000223496,-586.089273555543,1640.81703138859,-584.833863976564
GSA24_4,35.28635558,36.44044184,1643.42000223496,-586.089273555543,1638.53097337824,-584.7092053007
GSA24_5,35.28635558,36.44044184,1643.42000223496,-586.089273555543,1643.75514357355,-588.197804882344
GSA24_6,35.28635558,36.44044184,1643.42000223496,-586.089273555543,1643.34217587993,-584.824870996888
GSA24_7,35.28635558,36.44044184,1643.42000223496,-586.089273555543,1643.51819695816,-585.761150610786
GSA24_8,35.28635558,36.44044184,1643.42000223496,-586.089273555543,1650.69114624732,-583.903015440296
GSA24_9,35.28635558,36.44044184,1643.42000223496,-586.089273555543,1639.17756594573,-585.742239467021
GSA24_10,35.28635558,36.44044184,1643.42000223496,-586.089273555543,1648.74122052272,-585.141940008442
GSA24_11,35.28635558,36.44044184,1643.42000223496,-586.089273555543,1651.51800533873,-585.231505919959
GSA24_12,35.28635558,36.44044184,1643.42000223496,-586.089273555543,1644.82363934969,-587.974645560573
GSA24_13,35.28635558,36.44044184,1643.42000223496,-586.089273555543,1639.46512677115,-585.225263532217
GSA24_14,35.28635558,36.44044184,1643.42000223496,-586.089273555543,1650.5104386427,-586.348053893786
GSA24_15,35.28635558,36.44044184,1643.42000223496,-586.089273555543,1643.89483735156,-587.808966816183
GSA24_16,35.28635558,36.44044184,1643.42000223496,-586.089273555543,1649.94433996645,-585.062616481971
GSA24_17,35.28635558,36.44044184,1643.42000223496,-586.089273555543,1650.87320736968,-584.169729242067
GSA24_18,35.28635558,36.44044184,1643.42000223496,-586.089273555543,1640.7959224951,-586.7569330949
GSA24_19,35.28635558,36.44044184,1643.42000223496,-586.089273555543,1649.72028824636,-583.963177454438
GSA24_20,35.28635558,36.44044184,1643.42000223496,-586.089273555543,1650.68390440629,-586.560492028262
GSA24_21,35.28635558,36.44044184,1643.42000223496,-586.089273555543,1635.35797962626,-587.657572302188
GSA24_22,35.28635558,36.44044184,1643.42000223496,-586.089273555543,1643.74769571093,-585.897106474977
GSA24_23,35.28635558,36.44044184,1643.42000223496,-586.089273555543,1651.22905513351,-587.424004309591
GSA24_24,35.28635558,36.44044184,1643.42000223496,-586.089273555543,1640.32830299237,-586.190334609117
GSA24_25,35.28635558,36.44044184,1643.42000223496,-586.089273555543,1649.69304209431,-583.860545178469
GSA24_26,35.28635558,36.44044184,1643.42000223496,-586.089273555543,1644.57896192078,-585.686206656661
GSA24_27,35.28635558,36.44044184,1643.42000223496,-586.089273555543,1646.28526602895,-585.618778244372
GSA24_28,35.28635558,36.44044184,1643.42000223496,-586.089273555543,1652.49486400024,-588.386644612219
GSA24_29,35.28635558,36.44044184,1643.42000223496,-586.089273555543,1637.39485476953,-584.463013509255
GSA24_30,35.28635558,36.44044184,1643.42000223496,-586.089273555543,1641.50852386658,-584.312168778818
GSA24_31,35.28635558,36.44044184,1643.42000223496,-586.089273555543,1640.84067307957,-586.123514798995
GSA24_32,35.28635558,36.44044184,1643.42000223496,-586.089273555543,1642.15333323986,-586.38194853213
GSA24_33,35.28635558,36.44044184,1643.42000223496,-586.089273555543,1634.370825523,-584.796869230982
GSA24_34,35.28635558,36.44044184,1643.42000223496,-586.089273555543,1634.46174646304,-588.1517870627
GSA24_35,35.28635558,36.44044184,1643.42000223496,-586.089273555543,1638.4224597408,-588.216837178137
GSA24_36,35.28635558,36.44044184,1643.42000223496,-586.089273555543,1652.36257336759,-585.101015306975
GSA24_37,35.28635558,36.44044184,1643.42000223496,-586.089273555543,1643.79564580345,-585.007461265813
GSA24_38,35.28635558,36.44044184,1643.42000223496,-586.089273555543,1644.11251387936,-586.847383014451
GSA24_39,35.28635558,36.44044184,1643.42000223496,-586.089273555543,1644.92379326583,-587.202680537443
GSA24_40,35.28635558,36.44044184,1643.42000223496,-586.089273555543,1645.53994399034,-587.218243434991
GSA24_41,35.28635558,36.44044184,1643.42000223496,-586.089273555543,1638.11435218793,-586.936872835051
GSA24_42,35.28635558,36.44044184,1643.42000223496,-586.089273555543,1644.04297214565,-587.13154247139
GSA24_43,35.28635558,36.44044184,1643.42000223496,-586.089273555543,1648.42927098633,-584.646849948134
GSA24_44,35.28635558,36.44044184,1643.42000223496,-586.089273555543,1634.35550386985,-586.709545474466
GSA24_45,35.28635558,36.44044184,1643.42000223496,-586.089273555543,1648.40011097551,-584.264262923192
GSA24_46,35.28635558,36.44044184,1643.42000223496,-586.089273555543,1646.00679857419,-585.936226596277
GSA24_47,35.28635558,36.44044184,1643.42000223496,-586.089273555543,1634.45581143037,-586.299891878258
GSA24_48,35.28635558,36.44044184,1643.42000223496,-586.089273555543,1650.27971417927,-586.34084885564
GSA24_49,35.28635558,36.44044184,1643.42000223496,-586.089273555543,1647.20390086365,-585.422058194469
GSA24_50,35.28635558,36.44044184,1643.42000223496,-586.089273555543,1645.01819322039,-586.986512267183
GSA24_51,35.28635558,36.44044184,1643.42000223496,-586.089273555543,1650.81541345925,-585.885896212574
GSA24_52,35.28635558,36.44044184,1643.42000223496,-586.089273555543,1650.20138619659,-586.982642912458
GSA24_53,35.28635558,36.44044184,1643.42000223496,-586.089273555543,1650.54365110551,-586.032591105219
GSA24_54,35.28635558,36.44044184,1643.42000223496,-586.089273555543,1641.48125750651,-583.724262299355
GSA24_55,35.28635558,36.44044184,1643.42000223496,-586.089273555543,1651.27057192442,-586.75666717064
GSA24_56,35.28635558,36.44044184,1643.42000223496,-586.089273555543,1640.71592951179,-585.737439645048
GSA24_57,35.28635558,36.44044184,1643.42000223496,-586.089273555543,1646.39861354814,-584.889949016239
GSA24_58,35.28635558,36.44044184,1643.42000223496,-586.089273555543,1636.78776807827,-585.798771809753
GSA24_59,35.28635558,36.44044184,1643.42000223496,-586.089273555543,1648.04697035425,-586.02328195345
GSA24_60,35.28635558,36.44044184,1643.42000223496,-586.089273555543,1634.73137700097,-585.946813463013
GSA24_61,35.28635558,36.44044184,1643.42000223496,-586.089273555543,1647.94555982635,-588.487694304403
GSA24_62,35.28635558,36.44044184,1643.42000223496,-586.089273555543,1637.486928835,-588.480125030096
GSA24_63,35.28635558,36.44044184,1643.42000223496,-586.089273555543,1640.83323352379,-588.035922195729
GSA24_64,35.28635558,36.44044184,1643.42000223496,-586.089273555543,1635.27550834329,-584.911123776775
GSA24_65,35.28635558,36.44044184,1643.42000223496,-586.089273555543,1646.11164034908,-585.980935276638
GSA24_66,35.28635558,36.44044184,1643.42000223496,-586.089273555543,1647.63563277596,-587.446227926727
